dataset id,begin,end,bins,API Fetch Time(micros),Post Processing Time(micros),query
a9bd20ca-c4f2-4b54-8c49-b968ae7e78be,-299856534,709352817,2484,2170,69799,window
a9bd20ca-c4f2-4b54-8c49-b968ae7e78be,-299856534,709352817,2544,407,63336,window
a9bd20ca-c4f2-4b54-8c49-b968ae7e78be,291625833,291625834,8,514,168,attribute
a9bd20ca-c4f2-4b54-8c49-b968ae7e78be,321775169,321775170,3,423,1417,attribute
a9bd20ca-c4f2-4b54-8c49-b968ae7e78be,321775169,321775170,591,0,746,neighbor
a9bd20ca-c4f2-4b54-8c49-b968ae7e78be,-299856534,709352817,2544,566,65035,window
a9bd20ca-c4f2-4b54-8c49-b968ae7e78be,246401829,246401830,8,492,744,attribute
a9bd20ca-c4f2-4b54-8c49-b968ae7e78be,246401829,246401830,464,0,120,neighbor
a9bd20ca-c4f2-4b54-8c49-b968ae7e78be,-299856534,709352817,2544,624,64753,window
a9bd20ca-c4f2-4b54-8c49-b968ae7e78be,369776086,369776087,9,393,1321,attribute
a9bd20ca-c4f2-4b54-8c49-b968ae7e78be,369776086,369776087,320,0,131,neighbor
a9bd20ca-c4f2-4b54-8c49-b968ae7e78be,-299856534,709352817,2544,513,63928,window
a9bd20ca-c4f2-4b54-8c49-b968ae7e78be,371759595,371759596,6,473,148,attribute
a9bd20ca-c4f2-4b54-8c49-b968ae7e78be,-299856534,709352817,2544,532,64324,window
a9bd20ca-c4f2-4b54-8c49-b968ae7e78be,337246539,337246540,12,438,746,attribute
a9bd20ca-c4f2-4b54-8c49-b968ae7e78be,337246539,337246540,276,0,103,neighbor
a9bd20ca-c4f2-4b54-8c49-b968ae7e78be,-299856534,709352817,2544,524,65397,window
a9bd20ca-c4f2-4b54-8c49-b968ae7e78be,237277688,237277689,3,427,774,attribute
a9bd20ca-c4f2-4b54-8c49-b968ae7e78be,237277688,237277689,577,0,101,neighbor
a9bd20ca-c4f2-4b54-8c49-b968ae7e78be,-299856534,709352817,2544,731,66861,window
a9bd20ca-c4f2-4b54-8c49-b968ae7e78be,310270817,310270818,9,433,668,attribute
a9bd20ca-c4f2-4b54-8c49-b968ae7e78be,310270817,310270818,304,0,107,neighbor
a9bd20ca-c4f2-4b54-8c49-b968ae7e78be,-299856534,709352817,2544,644,64508,window
a9bd20ca-c4f2-4b54-8c49-b968ae7e78be,270997340,270997341,3,382,147,attribute
a9bd20ca-c4f2-4b54-8c49-b968ae7e78be,-299856534,709352817,2544,644,65540,window
a9bd20ca-c4f2-4b54-8c49-b968ae7e78be,255129269,255129270,14,427,143,attribute
a9bd20ca-c4f2-4b54-8c49-b968ae7e78be,277741271,277741272,3,460,150,attribute
a9bd20ca-c4f2-4b54-8c49-b968ae7e78be,290039026,290039027,13,425,149,attribute
a9bd20ca-c4f2-4b54-8c49-b968ae7e78be,232913969,232913970,10,463,914,attribute
a9bd20ca-c4f2-4b54-8c49-b968ae7e78be,232913969,232913970,17,0,151,neighbor
a9bd20ca-c4f2-4b54-8c49-b968ae7e78be,-299856534,709352817,2544,442,74847,window
a9bd20ca-c4f2-4b54-8c49-b968ae7e78be,276551165,276551166,7,407,145,attribute
a9bd20ca-c4f2-4b54-8c49-b968ae7e78be,-299856534,709352817,2544,424,64061,window
a9bd20ca-c4f2-4b54-8c49-b968ae7e78be,290039026,290039027,6,428,146,attribute
a9bd20ca-c4f2-4b54-8c49-b968ae7e78be,372552998,372552999,11,404,176,attribute
a9bd20ca-c4f2-4b54-8c49-b968ae7e78be,257906181,257906182,8,444,678,attribute
a9bd20ca-c4f2-4b54-8c49-b968ae7e78be,257906181,257906182,466,0,127,neighbor
a9bd20ca-c4f2-4b54-8c49-b968ae7e78be,-299856534,709352817,2544,715,65378,window
a9bd20ca-c4f2-4b54-8c49-b968ae7e78be,240054601,240054602,11,440,768,attribute
a9bd20ca-c4f2-4b54-8c49-b968ae7e78be,240054601,240054602,168,0,90,neighbor
a9bd20ca-c4f2-4b54-8c49-b968ae7e78be,-299856534,709352817,2544,530,63657,window
a9bd20ca-c4f2-4b54-8c49-b968ae7e78be,266236919,266236920,11,460,903,attribute
a9bd20ca-c4f2-4b54-8c49-b968ae7e78be,266236919,266236920,171,0,105,neighbor
a9bd20ca-c4f2-4b54-8c49-b968ae7e78be,-299856534,709352817,2544,558,65096,window
a9bd20ca-c4f2-4b54-8c49-b968ae7e78be,278137972,278137973,4,497,925,attribute
a9bd20ca-c4f2-4b54-8c49-b968ae7e78be,278137972,278137973,543,0,146,neighbor
a9bd20ca-c4f2-4b54-8c49-b968ae7e78be,-299856534,709352817,2544,631,66610,window
a9bd20ca-c4f2-4b54-8c49-b968ae7e78be,297179658,297179659,12,439,149,attribute
a9bd20ca-c4f2-4b54-8c49-b968ae7e78be,-299856534,709352817,2544,421,64625,window
a9bd20ca-c4f2-4b54-8c49-b968ae7e78be,294006044,294006045,10,463,147,attribute
a9bd20ca-c4f2-4b54-8c49-b968ae7e78be,280914885,280914886,3,433,145,attribute
a9bd20ca-c4f2-4b54-8c49-b968ae7e78be,322965275,322965276,3,419,837,attribute
a9bd20ca-c4f2-4b54-8c49-b968ae7e78be,322965275,322965276,591,0,95,neighbor
a9bd20ca-c4f2-4b54-8c49-b968ae7e78be,-299856534,709352817,2544,382,66278,window
a9bd20ca-c4f2-4b54-8c49-b968ae7e78be,252352356,252352357,4,450,882,attribute
a9bd20ca-c4f2-4b54-8c49-b968ae7e78be,252352356,252352357,540,0,133,neighbor
a9bd20ca-c4f2-4b54-8c49-b968ae7e78be,-299856534,709352817,2544,572,64261,window
a9bd20ca-c4f2-4b54-8c49-b968ae7e78be,244021619,244021620,14,433,738,attribute
a9bd20ca-c4f2-4b54-8c49-b968ae7e78be,244021619,244021620,647,0,94,neighbor
a9bd20ca-c4f2-4b54-8c49-b968ae7e78be,-299856534,709352817,2544,602,64166,window
a9bd20ca-c4f2-4b54-8c49-b968ae7e78be,313444432,313444433,7,492,1001,attribute
a9bd20ca-c4f2-4b54-8c49-b968ae7e78be,313444432,313444433,68,0,146,neighbor
a9bd20ca-c4f2-4b54-8c49-b968ae7e78be,-299856534,709352817,2544,554,65204,window
a9bd20ca-c4f2-4b54-8c49-b968ae7e78be,361445348,361445349,14,422,152,attribute
a9bd20ca-c4f2-4b54-8c49-b968ae7e78be,-299856534,709352817,2544,385,64786,window
a9bd20ca-c4f2-4b54-8c49-b968ae7e78be,253145760,253145761,6,388,731,attribute
a9bd20ca-c4f2-4b54-8c49-b968ae7e78be,253145760,253145761,94,0,125,neighbor
a9bd20ca-c4f2-4b54-8c49-b968ae7e78be,-299856534,709352817,2544,558,64248,window
a9bd20ca-c4f2-4b54-8c49-b968ae7e78be,340023452,340023453,9,382,649,attribute
a9bd20ca-c4f2-4b54-8c49-b968ae7e78be,340023452,340023453,312,0,185,neighbor
a9bd20ca-c4f2-4b54-8c49-b968ae7e78be,-299856534,709352817,2544,589,66516,window
a9bd20ca-c4f2-4b54-8c49-b968ae7e78be,295989553,295989554,8,462,144,attribute
a9bd20ca-c4f2-4b54-8c49-b968ae7e78be,-299856534,709352817,2544,557,64627,window
a9bd20ca-c4f2-4b54-8c49-b968ae7e78be,299956571,299956572,3,414,142,attribute
a9bd20ca-c4f2-4b54-8c49-b968ae7e78be,337246539,337246540,10,422,744,attribute
a9bd20ca-c4f2-4b54-8c49-b968ae7e78be,337246539,337246540,38,0,135,neighbor
a9bd20ca-c4f2-4b54-8c49-b968ae7e78be,-299856534,709352817,2544,688,64085,window
a9bd20ca-c4f2-4b54-8c49-b968ae7e78be,270600638,270600639,13,485,157,attribute
a9bd20ca-c4f2-4b54-8c49-b968ae7e78be,-299856534,709352817,2544,572,66458,window
a9bd20ca-c4f2-4b54-8c49-b968ae7e78be,306303799,306303800,4,505,146,attribute
a9bd20ca-c4f2-4b54-8c49-b968ae7e78be,288452219,288452220,5,502,153,attribute
a9bd20ca-c4f2-4b54-8c49-b968ae7e78be,211888774,211888775,3,455,144,attribute
a9bd20ca-c4f2-4b54-8c49-b968ae7e78be,305510396,305510397,6,428,151,attribute
a9bd20ca-c4f2-4b54-8c49-b968ae7e78be,370569489,370569490,10,424,148,attribute
a9bd20ca-c4f2-4b54-8c49-b968ae7e78be,338039943,338039944,3,414,705,attribute
a9bd20ca-c4f2-4b54-8c49-b968ae7e78be,338039943,338039944,593,0,91,neighbor
a9bd20ca-c4f2-4b54-8c49-b968ae7e78be,-299856534,709352817,2544,389,64466,window
a9bd20ca-c4f2-4b54-8c49-b968ae7e78be,313047730,313047731,14,416,735,attribute
a9bd20ca-c4f2-4b54-8c49-b968ae7e78be,313047730,313047731,656,0,102,neighbor
a9bd20ca-c4f2-4b54-8c49-b968ae7e78be,-299856534,709352817,2544,582,63739,window
a9bd20ca-c4f2-4b54-8c49-b968ae7e78be,234897477,234897478,7,435,764,attribute
a9bd20ca-c4f2-4b54-8c49-b968ae7e78be,234897477,234897478,55,0,97,neighbor
a9bd20ca-c4f2-4b54-8c49-b968ae7e78be,-299856534,709352817,2544,387,65821,window
a9bd20ca-c4f2-4b54-8c49-b968ae7e78be,319791660,319791661,14,455,893,attribute
a9bd20ca-c4f2-4b54-8c49-b968ae7e78be,319791660,319791661,662,0,220,neighbor
a9bd20ca-c4f2-4b54-8c49-b968ae7e78be,-299856534,709352817,2544,527,65058,window
a9bd20ca-c4f2-4b54-8c49-b968ae7e78be,280518183,280518184,14,419,146,attribute
a9bd20ca-c4f2-4b54-8c49-b968ae7e78be,-299856534,709352817,2544,381,64554,window
a9bd20ca-c4f2-4b54-8c49-b968ae7e78be,326535591,326535592,4,467,783,attribute
a9bd20ca-c4f2-4b54-8c49-b968ae7e78be,326535591,326535592,558,0,94,neighbor
a9bd20ca-c4f2-4b54-8c49-b968ae7e78be,-299856534,709352817,2544,383,63671,window
a9bd20ca-c4f2-4b54-8c49-b968ae7e78be,227360143,227360144,14,459,781,attribute
a9bd20ca-c4f2-4b54-8c49-b968ae7e78be,227360143,227360144,645,0,166,neighbor
a9bd20ca-c4f2-4b54-8c49-b968ae7e78be,-299856534,709352817,2544,560,64618,window
a9bd20ca-c4f2-4b54-8c49-b968ae7e78be,362238752,362238753,12,570,161,attribute
a9bd20ca-c4f2-4b54-8c49-b968ae7e78be,-299856534,709352817,2544,607,67097,window
a9bd20ca-c4f2-4b54-8c49-b968ae7e78be,224186529,224186530,8,594,1078,attribute
a9bd20ca-c4f2-4b54-8c49-b968ae7e78be,224186529,224186530,462,0,304,neighbor
a9bd20ca-c4f2-4b54-8c49-b968ae7e78be,-299856534,709352817,2544,653,69382,window
a9bd20ca-c4f2-4b54-8c49-b968ae7e78be,238467794,238467795,12,470,743,attribute
a9bd20ca-c4f2-4b54-8c49-b968ae7e78be,238467794,238467795,260,0,146,neighbor
a9bd20ca-c4f2-4b54-8c49-b968ae7e78be,-299856534,709352817,2544,752,67990,window
a9bd20ca-c4f2-4b54-8c49-b968ae7e78be,243228215,243228216,14,405,770,attribute
a9bd20ca-c4f2-4b54-8c49-b968ae7e78be,243228215,243228216,647,0,161,neighbor
a9bd20ca-c4f2-4b54-8c49-b968ae7e78be,-299856534,709352817,2544,718,95976,window
a9bd20ca-c4f2-4b54-8c49-b968ae7e78be,275361060,275361061,8,677,324,attribute
a9bd20ca-c4f2-4b54-8c49-b968ae7e78be,-299856534,709352817,2544,670,73016,window
